DISTRICT,STATES,Months,2021-2022forecast,2021-2022plan,2021-2022Actual,actual -plan,actual-forecast
AJMER,Rajasthan,Aug-21,6203.77,4300,5732.4,0.249877887,0.082229084
ALWAR,Rajasthan,Aug-21,7120.91,5500,5548.75,0.008785763,0.283335886
ARARIA,Bihar,Aug-21,4060.93,3345,3565.2,0.061763716,0.139046898
ARWAL,Bihar,Aug-21,1074.05,880,402,1.189054726,1.671766169
AURANGABAD,Bihar,Aug-21,6914.01,8250,2731,2.020871476,1.531677041
BANKA,Bihar,Aug-21,4615.18,4435,2092.95,1.11901861,1.205107623
BANSWARA,Rajasthan,Aug-21,1670.37,1700,1948.4,0.127489222,0.142696572
BARAN,Rajasthan,Aug-21,1573.96,1400,803,0.743462017,0.960099626
BARMER,Rajasthan,Aug-21,1454.28,1300,2158.8,0.3978136,0.326347971
BEGUSARAI,Bihar,Aug-21,1565.46,1095.077567,601,0.822092458,1.604758735
BHAGALPUR,Bihar,Aug-21,3803.9,3880,1916.5,1.024523872,0.984816071
BHARATPUR,Rajasthan,Aug-21,7727.7,5500,5863.2,0.061945695,0.318000409
BHILWARA,Rajasthan,Aug-21,5476.77,4000,5215.7,0.233084725,0.050054643
BHOJPUR,Bihar,Aug-21,2861.95,2725,1069.6,1.547681376,1.675719895
BIKANER,Rajasthan,Aug-21,4886.48,3300,4022.5,0.179614667,0.214786824
BUNDI,Rajasthan,Aug-21,2178.43,1600,1491,0.073105298,0.461052985
BUXAR,Bihar,Aug-21,3535.28,3210,813.05,2.948096673,3.348170469
CHITTORGARH,Rajasthan,Aug-21,1043.5,1600,1932.3,0.171971226,0.459969984
CHURU,Rajasthan,Aug-21,4974.32,3600,4082.75,0.118241381,0.21837487
DARBHANGA,Bihar,Aug-21,5536.13,5010,2702.65,0.853736148,1.048408044
DAUSA,Rajasthan,Aug-21,3015.36,2200,2341.75,0.060531654,0.287652397
DHOLPUR,Rajasthan,Aug-21,3590.28,2700,3008,0.102393617,0.193577128
DUNGARPUR,Rajasthan,Aug-21,1753.63,1500,1885.5,0.204455052,0.069939008
EAST CHAMPARAN,Bihar,Aug-21,11769.64,9455,4514.1,1.094548193,1.607305997
GAYA,Bihar,Aug-21,7177.97,8120,4672.25,0.737920702,0.536298357
GOPALGANJ,Bihar,Aug-21,4685.94,4310,3645.95,0.1821336,0.285245272
HANUMANGARH,Rajasthan,Aug-21,3806.25,3100,3844,0.193548387,0.009820499
JAIPUR,Rajasthan,Aug-21,17641.95,14500,17823.75,0.186478715,0.010199874
JAISALMER,Rajasthan,Aug-21,1333.81,1000,1525,0.344262295,0.125370492
JALORE,Rajasthan,Aug-21,1413.41,1500,1563,0.040307102,0.095706974
JAMUI,Bihar,Aug-21,1659.53,1720,840.4,1.046644455,0.974690624
JEHANABAD,Bihar,Aug-21,1370.28,1345,808,0.66460396,0.695891089
JHALAWAR,Rajasthan,Aug-21,2304.96,1800,1860,0.032258065,0.239225806
JHUNJHUNU,Rajasthan,Aug-21,8586.15,5200,7542.3,0.310555136,0.138399427
JODHPUR,Rajasthan,Aug-21,3105.77,2400,3085.2,0.222092571,0.006667315
KAIMUR,Bihar,Aug-21,6472.53,5705,1390,3.104316547,3.656496403
KAROLI,Rajasthan,Aug-21,3056.61,2500,2230,0.121076233,0.37067713
KATIHAR,Bihar,Aug-21,1224.23,1000,779.75,0.282462328,0.570028855
KHAGARIA,Bihar,Aug-21,1972.11,1405,628.9,1.234059469,2.135808555
KISHANGANJ,Bihar,Aug-21,1702.25,2330,381,5.115485564,3.467847769
KOTA,Rajasthan,Aug-21,2636.92,2300,2008.5,0.145133184,0.312880259
LAKHISARAI,Bihar,Aug-21,547.45,300,519.45,0.42246607,0.053903167
MADHEPURA,Bihar,Aug-21,2767.63,2005,1507.15,0.330325449,0.836333477
MADHUBANI,Bihar,Aug-21,2271.76,2050,1047,0.957975167,1.169780325
MUNGER,Bihar,Aug-21,291.68,765,215,2.558139535,0.356651163
MUZAFFARPUR,Bihar,Aug-21,6766.32,5540,3063.8,0.808212024,1.208473138
NAGAUR,Rajasthan,Aug-21,2013.53,1700,1792,0.051339286,0.123621652
NALANDA,Bihar,Aug-21,2544.8,2565,1962.05,0.307306134,0.29701078
NAWADA,Bihar,Aug-21,815.03,765,304.25,1.514379622,1.678816763
PALI,Rajasthan,Aug-21,5118.51,3500,4904.25,0.286333282,0.043688637
PATNA,Bihar,Aug-21,18637.71,17585,10422.3,0.687247537,0.788253073
PRATAPGARH,Rajasthan,Aug-21,1732.42,1800,1906.25,0.055737705,0.091189508
PURNEA,Bihar,Aug-21,2657.28,2355,1758.7,0.339057258,0.510934213
RAJSAMAND,Rajasthan,Aug-21,1512.2,1300,1729.75,0.248446307,0.12576962
ROHTAS,Bihar,Aug-21,7460.95,6860,1389,3.938804896,4.371454284
SAHARSA,Bihar,Aug-21,1638.14,1495,1345,0.111524164,0.217947955
SAMASTIPUR,Bihar,Aug-21,4969.01,3665,3028.9,0.210010235,0.640532867
SARAN,Bihar,Aug-21,6739.76,5480,4383.2,0.250228144,0.537634605
SAWAIMADHOPUR,Rajasthan,Aug-21,3522.31,2700,2194,0.230628988,0.605428441
SEIKHPURA,Bihar,Aug-21,855.97,890,683,0.303074671,0.253250366
SHEOHAR,Bihar,Aug-21,1273.21,915,571.9,0.599930058,1.226280818
SIKAR,Rajasthan,Aug-21,4220.55,3400,5000.45,0.320061194,0.155965963
SIROHI,Rajasthan,Aug-21,2041.64,1800,2085.4,0.136856239,0.020983984
SITAMARHI,Bihar,Aug-21,3466.69,2575,1000.75,1.573070197,2.464091931
SIWAN,Bihar,Aug-21,7190.84,5555,3640.05,0.526077938,0.975478359
SRIGANGANAGAR,Rajasthan,Aug-21,4545.11,3400,4007.5,0.151590767,0.134150967
SUPAUL,Bihar,Aug-21,2227.66,1765,1001.25,0.762796504,1.224878901
TONK,Rajasthan,Aug-21,3078.79,1800,2415,0.254658385,0.274861284
UDAIPUR,Rajasthan,Aug-21,4309.52,4100,4799.4,0.145726549,0.102071092
VAISHALI,Bihar,Aug-21,7024.13,5240,3345.75,0.566166032,1.099418665
WEST CHAMPARAN,Bihar,Aug-21,9117.19,8410,4310.9,0.950868728,1.114915679
AJMER,Rajasthan,Sep-21,5994.72,4300,4703.45,0.085777461,0.274536776
ALWAR,Rajasthan,Sep-21,6504.67,5700,5327.75,0.06987002,0.220903759
ARARIA,Bihar,Sep-21,2427.35,3345,2633.6,0.270124544,0.078314854
ARWAL,Bihar,Sep-21,620.11,880,506,0.739130435,0.225513834
AURANGABAD,Bihar,Sep-21,4428.43,8250,4048,1.038043478,0.093979743
BANKA,Bihar,Sep-21,3800.86,4435,3192.65,0.389128154,0.190503187
BANSWARA,Rajasthan,Sep-21,2085.29,1700,1476.2,0.151605474,0.412606693
BARAN,Rajasthan,Sep-21,899.59,1400,1320,0.060606061,0.318492424
BARMER,Rajasthan,Sep-21,1751.97,1300,1328.8,0.021673691,0.318460265
BEGUSARAI,Bihar,Sep-21,799.05,1095.077567,601,0.822092458,0.32953411
BHAGALPUR,Bihar,Sep-21,2486.8,3880,2331,0.664521665,0.066838267
BHARATPUR,Rajasthan,Sep-21,6523.25,5700,5009.65,0.137804038,0.302136876
BHILWARA,Rajasthan,Sep-21,5566.56,4000,4294.45,0.068565241,0.296221868
BHOJPUR,Bihar,Sep-21,1596.61,2725,2113.75,0.289178001,0.244655234
BIKANER,Rajasthan,Sep-21,4122.3,3300,3539.25,0.067599068,0.164738292
BUNDI,Rajasthan,Sep-21,1845.39,1600,1490.75,0.073285259,0.237893678
BUXAR,Bihar,Sep-21,1022.68,3210,1751.95,0.832244071,0.41626188
CHITTORGARH,Rajasthan,Sep-21,1770.04,1600,1393,0.148600144,0.270667624
CHURU,Rajasthan,Sep-21,4456.59,3600,3590.95,0.002520224,0.241061558
DARBHANGA,Bihar,Sep-21,4961.34,5010,3080.7,0.626253773,0.610458662
DAUSA,Rajasthan,Sep-21,2608.07,2400,2046.5,0.172733936,0.274405082
DHOLPUR,Rajasthan,Sep-21,3309.39,2900,2728.7,0.062777147,0.212808297
DUNGARPUR,Rajasthan,Sep-21,1636.75,1600,1579.5,0.012978791,0.036245647
EAST CHAMPARAN,Bihar,Sep-21,10910.08,9455,7146.75,0.322978976,0.526579214
GAYA,Bihar,Sep-21,7017.42,8120,5966.65,0.360897656,0.176107196
GOPALGANJ,Bihar,Sep-21,3356.9,4310,4367.35,0.013131533,0.231364557
HANUMANGARH,Rajasthan,Sep-21,4112.2,3100,3192,0.028822055,0.288283208
JAIPUR,Rajasthan,Sep-21,17172.82,15000,17343.8,0.135137628,0.009858278
JAISALMER,Rajasthan,Sep-21,1193.1,1000,1127,0.112688554,0.058651287
JALORE,Rajasthan,Sep-21,1570.53,1500,923,0.625135428,0.701549296
JAMUI,Bihar,Sep-21,1026.87,1720,1245.35,0.381137833,0.175436624
JEHANABAD,Bihar,Sep-21,1131.08,1345,819,0.642246642,0.381050061
JHALAWAR,Rajasthan,Sep-21,1892.28,1800,1863,0.033816425,0.015716586
JHUNJHUNU,Rajasthan,Sep-21,7700.03,5300,6833.1,0.224363759,0.126872137
JODHPUR,Rajasthan,Sep-21,3071.98,2400,3336.5,0.280683351,0.079280683
KAIMUR,Bihar,Sep-21,993.61,5705,2325,1.453763441,0.57264086
KAROLI,Rajasthan,Sep-21,2632.35,2600,1973,0.317790167,0.334186518
KATIHAR,Bihar,Sep-21,882.84,1000,648.1,0.542971764,0.362197192
KHAGARIA,Bihar,Sep-21,801.42,1405,818,0.717603912,0.020268949
KISHANGANJ,Bihar,Sep-21,145.35,2330,2222.5,0.048368954,0.934600675
KOTA,Rajasthan,Sep-21,2229.82,2300,2331.5,0.013510615,0.043611409
LAKHISARAI,Bihar,Sep-21,424.99,305,390,0.217948718,0.089717949
MADHEPURA,Bihar,Sep-21,1213.05,2005,1492.1,0.343743717,0.187018296
MADHUBANI,Bihar,Sep-21,1838.74,2050,1314.5,0.559528338,0.398813237
MUNGER,Bihar,Sep-21,262.47,765,75,9.2,2.4996
MUZAFFARPUR,Bihar,Sep-21,6873.23,5540,3057.15,0.812145299,1.248247551
NAGAUR,Rajasthan,Sep-21,1976.35,1700,1657,0.025950513,0.192727821
NALANDA,Bihar,Sep-21,2558.75,2565,1626.95,0.576569655,0.572728111
NAWADA,Bihar,Sep-21,758.54,765,1051.55,0.272502496,0.278645809
PALI,Rajasthan,Sep-21,4782.54,3700,3685.3,0.00398882,0.297734241
PATNA,Bihar,Sep-21,15193.41,17585,12972.75,0.355533715,0.171178817
PRATAPGARH,Rajasthan,Sep-21,1862.66,1800,1676,0.07398568,0.111372315
PURNEA,Bihar,Sep-21,2196.54,2355,1288.35,0.827919432,0.704924904
RAJSAMAND,Rajasthan,Sep-21,1627.22,1300,1384,0.060693642,0.175736994
ROHTAS,Bihar,Sep-21,1761.78,6860,2540.5,1.700255855,0.306522338
SAHARSA,Bihar,Sep-21,1574.64,1495,1102,0.356624319,0.428892922
SAMASTIPUR,Bihar,Sep-21,4858.94,3665,3039.75,0.205691258,0.598466979
SARAN,Bihar,Sep-21,5999.66,5480,5227.1,0.048382468,0.147798971
SAWAIMADHOPUR,Rajasthan,Sep-21,2719.48,3000,2412,0.243781095,0.12747927
SEIKHPURA,Bihar,Sep-21,692.99,890,729,0.22085048,0.049396433
SHEOHAR,Bihar,Sep-21,1100.12,915,423,1.163120567,1.600756501
SIKAR,Rajasthan,Sep-21,4807.43,3400,4288.35,0.207154267,0.121044224
SIROHI,Rajasthan,Sep-21,2196.37,1800,1786.4,0.007613077,0.229495074
SITAMARHI,Bihar,Sep-21,1506.9,2575,870.8,1.957050988,0.730477722
SIWAN,Bihar,Sep-21,5403.45,5555,3229.9,0.719867488,0.672946531
SRIGANGANAGAR,Rajasthan,Sep-21,4534.78,3400,3730,0.08847185,0.215758713
SUPAUL,Bihar,Sep-21,2191.21,1765,890,0.983146067,1.462033708
TONK,Rajasthan,Sep-21,2746.16,1800,2029,0.11286348,0.353454904
UDAIPUR,Rajasthan,Sep-21,4442.53,4000,3765.15,0.062374673,0.179907839
VAISHALI,Bihar,Sep-21,6230.88,5240,4040.3,0.296933396,0.542182511
WEST CHAMPARAN,Bihar,Sep-21,8884.33,8410,6914.8,0.216231851,0.284828195
AJMER,Rajasthan,Oct-21,5213.01,4200,6464.6,0.35030783,0.19360672
ALWAR,Rajasthan,Oct-21,6392.91,7200,7710,0.06614786,0.170828794
ARARIA,Bihar,Oct-21,2537.61,3790,1863.85,1.033425437,0.361488317
ARWAL,Bihar,Oct-21,550.5,945,497,0.901408451,0.107645875
AURANGABAD,Bihar,Oct-21,5522.19,8840,4622,0.912591952,0.194762008
BANKA,Bihar,Oct-21,4654.91,4750,3015.4,0.575247065,0.543712277
BANSWARA,Rajasthan,Oct-21,1805.75,1700,1927,0.117799689,0.06292164
BARAN,Rajasthan,Oct-21,1230.96,1400,1686,0.169632266,0.269893238
BARMER,Rajasthan,Oct-21,1657.65,1500,1874.75,0.199893319,0.115802107
BEGUSARAI,Bihar,Oct-21,684.15,1240,755.1,0.6421666,0.093961065
BHAGALPUR,Bihar,Oct-21,2729.3,4155,1804.55,1.302513092,0.512454629
BHARATPUR,Rajasthan,Oct-21,5987.75,6700,6857.25,0.022931933,0.126800102
BHILWARA,Rajasthan,Oct-21,4808.25,4500,6123.85,0.265168154,0.214832173
BHOJPUR,Bihar,Oct-21,2800.15,2920,1768,0.65158371,0.583795249
BIKANER,Rajasthan,Oct-21,3850.43,3300,4165.5,0.207778178,0.075637979
BUNDI,Rajasthan,Oct-21,2187.67,1600,2055.25,0.2215059,0.064430118
BUXAR,Bihar,Oct-21,1944.14,3440,1542.95,1.229495447,0.260014907
CHITTORGARH,Rajasthan,Oct-21,1600.84,1500,1512.05,0.007969313,0.058721603
CHURU,Rajasthan,Oct-21,3783.4,3600,4184,0.13957935,0.095745698
DARBHANGA,Bihar,Oct-21,2951.84,5680,2581.4,1.200356396,0.143503525
DAUSA,Rajasthan,Oct-21,2600.48,3200,2619.5,0.221607177,0.007260928
DHOLPUR,Rajasthan,Oct-21,2712.81,3100,3034,0.021753461,0.105863546
DUNGARPUR,Rajasthan,Oct-21,1783.51,1700,2138.75,0.205143191,0.166097019
EAST CHAMPARAN,Bihar,Oct-21,11216.36,10715,5447.55,0.966939266,1.0589733
GAYA,Bihar,Oct-21,6870.73,8700,5444.5,0.597942878,0.261957939
GOPALGANJ,Bihar,Oct-21,4820.46,4885,5170.65,0.055244505,0.067726495
HANUMANGARH,Rajasthan,Oct-21,3399.56,3100,4570,0.32166302,0.256113786
JAIPUR,Rajasthan,Oct-21,17520.09,14500,21473.05,0.324734958,0.184089359
JAISALMER,Rajasthan,Oct-21,1261.23,1100,1478,0.255751015,0.146664411
JALORE,Rajasthan,Oct-21,1309.95,1500,2074,0.276759884,0.368394407
JAMUI,Bihar,Oct-21,1311.35,1845,1072.05,0.721001819,0.223217201
JEHANABAD,Bihar,Oct-21,1000.55,1440,663,1.171945701,0.509125189
JHALAWAR,Rajasthan,Oct-21,1903.56,1800,1802.5,0.001386963,0.056066574
JHUNJHUNU,Rajasthan,Oct-21,6866.84,5200,8242.6,0.369131099,0.1669085
JODHPUR,Rajasthan,Oct-21,3358.11,2400,5657.15,0.575758111,0.406395446
KAIMUR,Bihar,Oct-21,2252.25,6115,2228.5,1.743998205,0.010657393
KAROLI,Rajasthan,Oct-21,2486.56,3100,3162,0.019607843,0.213611638
KATIHAR,Bihar,Oct-21,710.68,1130,915.3,0.234567901,0.223555119
KHAGARIA,Bihar,Oct-21,836.72,1590,1082,0.469500924,0.226691312
KISHANGANJ,Bihar,Oct-21,2145.57,2640,1615.6,0.634067839,0.328032929
KOTA,Rajasthan,Oct-21,2497.88,2300,3318.5,0.306915775,0.247286425
LAKHISARAI,Bihar,Oct-21,477.47,325,328.25,0.00990099,0.454592536
MADHEPURA,Bihar,Oct-21,1827.59,2275,1221.5,0.862464183,0.496185018
MADHUBANI,Bihar,Oct-21,1892.9,2325,1339,0.736370426,0.413666916
MUNGER,Bihar,Oct-21,35.14,820,255,2.215686275,0.862196078
MUZAFFARPUR,Bihar,Oct-21,3968.2,6275,2598.25,1.415087078,0.527258732
NAGAUR,Rajasthan,Oct-21,1981.81,1700,2037,0.165439372,0.027093765
NALANDA,Bihar,Oct-21,2789.61,2750,1900,0.447368421,0.468215789
NAWADA,Bihar,Oct-21,1022.29,820,954.9,0.141271337,0.070572835
PALI,Rajasthan,Oct-21,4386.2,4100,4559.55,0.100788455,0.038019103
PATNA,Bihar,Oct-21,15552.28,18840,11912,0.581598388,0.305597717
PRATAPGARH,Rajasthan,Oct-21,1673.19,1800,1437.3,0.252348153,0.164120225
PURNEA,Bihar,Oct-21,2006.07,2670,1416.75,0.884595024,0.41596612
RAJSAMAND,Rajasthan,Oct-21,1481.15,1300,1806.05,0.280197115,0.179895352
ROHTAS,Bihar,Oct-21,3336.33,7345,3434.5,1.138593682,0.028583491
SAHARSA,Bihar,Oct-21,1610.03,1695,901,0.881243063,0.786936737
SAMASTIPUR,Bihar,Oct-21,5988.82,4155,2171.3,0.913600147,1.758172523
SARAN,Bihar,Oct-21,6113.26,6210,5378.9,0.154511145,0.136526056
SAWAIMADHOPUR,Rajasthan,Oct-21,2670.16,3200,3783,0.154110494,0.294168649
SEIKHPURA,Bihar,Oct-21,843.78,950,506,0.877470356,0.667549407
SHEOHAR,Bihar,Oct-21,714.87,1040,552,0.884057971,0.295054348
SIKAR,Rajasthan,Oct-21,4596.93,3400,5188.7,0.344729894,0.114049762
SIROHI,Rajasthan,Oct-21,2013.38,1800,2600.45,0.307812109,0.225757081
SITAMARHI,Bihar,Oct-21,842.4,2915,875.45,2.329716146,0.037752013
SIWAN,Bihar,Oct-21,4607.36,6295,2544.75,1.473720405,0.810535416
SRIGANGANAGAR,Rajasthan,Oct-21,3858.7,3600,3922,0.082100969,0.016139725
SUPAUL,Bihar,Oct-21,1046.7,2005,1758.8,0.139981806,0.404878326
TONK,Rajasthan,Oct-21,2406.25,1800,2365.8,0.239158002,0.01709781
UDAIPUR,Rajasthan,Oct-21,3713.46,4100,4559.75,0.100827896,0.185600088
VAISHALI,Bihar,Oct-21,7240.63,5935,3596.25,0.650330205,1.013383385
WEST CHAMPARAN,Bihar,Oct-21,8984.7,9535,5074.2,0.879113949,0.770663356
AJMER,Rajasthan,Nov-21,6806.4,4500,4618.25,0.025604937,0.473805013
ALWAR,Rajasthan,Nov-21,6616.51,7300,6248.65,0.168252343,0.058870316
ARARIA,Bihar,Nov-21,2695.15,3790,3069.35,0.234789125,0.121915063
ARWAL,Bihar,Nov-21,532.18,945,328,1.881097561,0.6225
AURANGABAD,Bihar,Nov-21,5160.95,8840,3215,1.749611198,0.605272162
BANKA,Bihar,Nov-21,3321.75,4750,2857.55,0.662263128,0.162446851
BANSWARA,Rajasthan,Nov-21,1920.81,1700,1602,0.061173533,0.199007491
BARAN,Rajasthan,Nov-21,1768.84,1400,919,0.523394995,0.924744287
BARMER,Rajasthan,Nov-21,1691.78,1500,1250.75,0.199280432,0.352612433
BEGUSARAI,Bihar,Nov-21,706.79,1240,830.4,0.493256262,0.148855973
BHAGALPUR,Bihar,Nov-21,1892.37,4155,1211.4,2.4299158,0.56213472
BHARATPUR,Rajasthan,Nov-21,6434.92,6800,5029.35,0.352063388,0.279473491
BHILWARA,Rajasthan,Nov-21,5466.98,4800,4316.9,0.111909009,0.266413399
BHOJPUR,Bihar,Nov-21,2229.32,2920,1481,0.971640783,0.505280216
BIKANER,Rajasthan,Nov-21,3903.83,3600,2643.8,0.361676375,0.476598079
BUNDI,Rajasthan,Nov-21,1930.61,1700,1193,0.424979044,0.618281643
BUXAR,Bihar,Nov-21,1699.94,3440,1627,1.114320836,0.044830977
CHITTORGARH,Rajasthan,Nov-21,1680.82,1500,1469.5,0.020755359,0.143804015
CHURU,Rajasthan,Nov-21,4500.51,3800,3365.15,0.12922158,0.337387635
DARBHANGA,Bihar,Nov-21,2361,5680,2313.1,1.455579093,0.020708141
DAUSA,Rajasthan,Nov-21,2566.65,3300,1358.25,1.429596908,0.889674213
DHOLPUR,Rajasthan,Nov-21,3117.35,3200,2435,0.314168378,0.280225873
DUNGARPUR,Rajasthan,Nov-21,2102.98,1700,960.5,0.769911504,1.189463821
EAST CHAMPARAN,Bihar,Nov-21,10791.35,10715,5519,0.941474905,0.955308933
GAYA,Bihar,Nov-21,6587.1,8700,3502.65,1.483833669,0.880604685
GOPALGANJ,Bihar,Nov-21,3660.14,4885,4579.95,0.066605531,0.20083407
HANUMANGARH,Rajasthan,Nov-21,3783.79,3300,3180,0.037735849,0.189871069
JAIPUR,Rajasthan,Nov-21,20503.46,15200,13854.4,0.097124379,0.479924067
JAISALMER,Rajasthan,Nov-21,1066.49,1200,1011,0.18694362,0.054886251
JALORE,Rajasthan,Nov-21,1384.68,1500,998,0.503006012,0.38745491
JAMUI,Bihar,Nov-21,1446.92,1845,828,1.22826087,0.747487923
JEHANABAD,Bihar,Nov-21,907.57,1440,575,1.504347826,0.578382609
JHALAWAR,Rajasthan,Nov-21,1817.12,1800,1328,0.355421687,0.368313253
JHUNJHUNU,Rajasthan,Nov-21,7980.31,5400,6745.45,0.199460377,0.183065622
JODHPUR,Rajasthan,Nov-21,4762.23,2600,3821.85,0.319701192,0.246053613
KAIMUR,Bihar,Nov-21,2293.89,6115,1878,2.256123536,0.221453674
KAROLI,Rajasthan,Nov-21,2640.52,3200,2304,0.388888889,0.146059028
KATIHAR,Bihar,Nov-21,928.07,1130,1132.6,0.002295603,0.180584496
KHAGARIA,Bihar,Nov-21,963.28,1590,930,0.709677419,0.035784946
KISHANGANJ,Bihar,Nov-21,2370.61,2640,2470.35,0.068674479,0.040374846
KOTA,Rajasthan,Nov-21,3094.41,2400,2145,0.118881119,0.442615385
LAKHISARAI,Bihar,Nov-21,557.57,325,284,0.144366197,0.963274648
MADHEPURA,Bihar,Nov-21,813.7,2275,1116.25,1.038073908,0.271041433
MADHUBANI,Bihar,Nov-21,1653.26,2325,1020.5,1.278294953,0.620048996
MUNGER,Bihar,Nov-21,169.97,820,180,3.555555556,0.055722222
MUZAFFARPUR,Bihar,Nov-21,2088.55,6275,3062.9,1.048712005,0.318113553
NAGAUR,Rajasthan,Nov-21,1833.11,1700,1443,0.178101178,0.2703465
NALANDA,Bihar,Nov-21,2860,2750,1201,1.289758535,1.381348876
NAWADA,Bihar,Nov-21,1142.01,820,551.35,0.487258547,1.071297724
PALI,Rajasthan,Nov-21,4452.59,4300,3370.45,0.275794033,0.32106692
PATNA,Bihar,Nov-21,12602.6,18840,8384.1,1.247110602,0.503154781
PRATAPGARH,Rajasthan,Nov-21,1951.59,1900,1047.5,0.813842482,0.863093079
PURNEA,Bihar,Nov-21,1566.16,2670,1664.1,0.604470885,0.058854636
RAJSAMAND,Rajasthan,Nov-21,1590.04,1300,1002.05,0.297340452,0.586787086
ROHTAS,Bihar,Nov-21,3362.83,7345,2458,1.98820179,0.368116355
SAHARSA,Bihar,Nov-21,479.32,1695,1180,0.436440678,0.59379661
SAMASTIPUR,Bihar,Nov-21,4831.07,4155,2300.65,0.806011345,1.099871775
SARAN,Bihar,Nov-21,6254.42,6210,5524.9,0.124002244,0.132042209
SAWAIMADHOPUR,Rajasthan,Nov-21,3223.54,3300,1648,1.002427184,0.956031553
SEIKHPURA,Bihar,Nov-21,924.67,950,407.95,1.328716755,1.266625812
SHEOHAR,Bihar,Nov-21,-426.63,1040,581,0.790017212,1.734302926
SIKAR,Rajasthan,Nov-21,4673.39,3600,4196.55,0.142152482,0.11362667
SIROHI,Rajasthan,Nov-21,2083.01,1900,1988.5,0.044505909,0.047528288
SITAMARHI,Bihar,Nov-21,794.37,2915,1012.6,1.878728027,0.215514517
SIWAN,Bihar,Nov-21,3807.66,6295,4626,0.360786857,0.17690013
SRIGANGANAGAR,Rajasthan,Nov-21,3933.15,3600,2925,0.230769231,0.344666667
SUPAUL,Bihar,Nov-21,1791.66,2005,877,1.286202965,1.042941847
TONK,Rajasthan,Nov-21,2296.11,1800,1782,0.01010101,0.288501684
UDAIPUR,Rajasthan,Nov-21,4555.47,4200,2825.7,0.486357363,0.61215628
VAISHALI,Bihar,Nov-21,1136.62,5935,4715.9,0.25850845,0.758981319
WEST CHAMPARAN,Bihar,Nov-21,4142.27,9535,6101.2,0.562807317,0.321072904
AJMER,Rajasthan,Dec-21,5571.86,4500,5788.5,0.222596528,0.037425931
ALWAR,Rajasthan,Dec-21,6077.27,7300,7158.95,0.01970261,0.151094783
ARARIA,Bihar,Dec-21,2981.6,4240,2598.85,0.631490852,0.14727668
ARWAL,Bihar,Dec-21,453.56,1010,421,1.399049881,0.077339667
AURANGABAD,Bihar,Dec-21,3830.72,9430,4522,1.08536046,0.152870411
BANKA,Bihar,Dec-21,3083.35,5070,2305.6,1.198993754,0.337330847
BANSWARA,Rajasthan,Dec-21,1842.65,1800,1757.15,0.02438608,0.048658339
BARAN,Rajasthan,Dec-21,1361.3,1500,1559.5,0.038153254,0.127092017
BARMER,Rajasthan,Dec-21,2541.84,1500,1479.25,0.014027379,0.718330235
BEGUSARAI,Bihar,Dec-21,862.73,1385,1161.65,0.192269616,0.257323634
BHAGALPUR,Bihar,Dec-21,1256.14,4435,2226.6,0.991826103,0.435848379
BHARATPUR,Rajasthan,Dec-21,5532.75,6800,6275.1,0.083648069,0.118300904
BHILWARA,Rajasthan,Dec-21,5634.82,4900,4940.8,0.008257772,0.140467131
BHOJPUR,Bihar,Dec-21,1493.38,3110,1859.35,0.672627531,0.196826848
BIKANER,Rajasthan,Dec-21,3284.59,3700,3154.3,0.173001934,0.041305519
BUNDI,Rajasthan,Dec-21,1870.7,1800,2306,0.21942758,0.18876843
BUXAR,Bihar,Dec-21,18.74,3670,2879.3,0.274615358,0.993491474
CHITTORGARH,Rajasthan,Dec-21,1801.44,1700,1808.25,0.05986451,0.003766072
CHURU,Rajasthan,Dec-21,3362.15,4000,5493.35,0.271846869,0.387959988
DARBHANGA,Bihar,Dec-21,1966.98,6345,2770.7,1.290035009,0.29007832
DAUSA,Rajasthan,Dec-21,2041.58,3400,2449.85,0.387840072,0.166651019
DHOLPUR,Rajasthan,Dec-21,3201.07,3300,3138.5,0.051457703,0.019936275
DUNGARPUR,Rajasthan,Dec-21,1705.49,1800,1934.5,0.06952701,0.118382011
EAST CHAMPARAN,Bihar,Dec-21,7456.88,11975,8094.15,0.479463563,0.078732171
GAYA,Bihar,Dec-21,3710.34,9280,5328,0.741741742,0.303614865
GOPALGANJ,Bihar,Dec-21,4510.85,5455,6308.75,0.135327918,0.28498514
HANUMANGARH,Rajasthan,Dec-21,3834.95,3400,4946,0.312575819,0.22463607
JAIPUR,Rajasthan,Dec-21,16525.01,15900,19571.35,0.187587979,0.155653034
JAISALMER,Rajasthan,Dec-21,1214.92,1200,1630,0.263803681,0.254650307
JALORE,Rajasthan,Dec-21,1237.11,1600,1607,0.004355943,0.230174238
JAMUI,Bihar,Dec-21,1383.78,1970,1067.95,0.844655649,0.295734819
JEHANABAD,Bihar,Dec-21,707.31,1535,657,1.336377473,0.076575342
JHALAWAR,Rajasthan,Dec-21,2329.58,1900,2037.5,0.067484663,0.143352147
JHUNJHUNU,Rajasthan,Dec-21,6874.98,5700,8182.85,0.30342118,0.159830621
JODHPUR,Rajasthan,Dec-21,4577.46,2900,4162.45,0.303294934,0.0997033
KAIMUR,Bihar,Dec-21,2299.52,6520,3066,1.12654925,0.249993477
KAROLI,Rajasthan,Dec-21,2538.42,3300,2628,0.255707763,0.034086758
KATIHAR,Bihar,Dec-21,1113.06,1265,1796.95,0.296029383,0.380583767
KHAGARIA,Bihar,Dec-21,963.12,1780,1063,0.674506115,0.093960489
KISHANGANJ,Bihar,Dec-21,3328.15,2950,2510.75,0.174947725,0.325560092
KOTA,Rajasthan,Dec-21,2658.94,2500,2658.25,0.059531647,0.000259569
LAKHISARAI,Bihar,Dec-21,394.65,345,474.7,0.273225195,0.168632821
MADHEPURA,Bihar,Dec-21,1144.91,2540,2109.5,0.204076795,0.457260014
MADHUBANI,Bihar,Dec-21,1443.67,2600,1160.9,1.239641657,0.243578258
MUNGER,Bihar,Dec-21,300.25,870,655,0.328244275,0.541603053
MUZAFFARPUR,Bihar,Dec-21,2064.83,7015,4706.1,0.490618559,0.561243917
NAGAUR,Rajasthan,Dec-21,1914.43,1800,2289,0.213630406,0.163639144
NALANDA,Bihar,Dec-21,1988.45,2930,1861.85,0.573703574,0.067996885
NAWADA,Bihar,Dec-21,941.25,875,592.5,0.476793249,0.588607595
PALI,Rajasthan,Dec-21,4571.45,4400,4520,0.026548673,0.011382743
PATNA,Bihar,Dec-21,11216.58,20095,14561.9,0.37997102,0.22973101
PRATAPGARH,Rajasthan,Dec-21,2565.31,1900,1791.45,0.060593374,0.431974099
PURNEA,Bihar,Dec-21,2339.53,2985,1199.75,1.488018337,0.950014586
RAJSAMAND,Rajasthan,Dec-21,1768.1,1300,1355.05,0.040625807,0.3048227
ROHTAS,Bihar,Dec-21,2786.54,7840,3864,1.028985507,0.278845756
SAHARSA,Bihar,Dec-21,1872.15,1895,1644.5,0.152325935,0.138431134
SAMASTIPUR,Bihar,Dec-21,3408.64,4645,2856.15,0.626315145,0.19343872
SARAN,Bihar,Dec-21,5820.83,6940,6702.8,0.035388196,0.131582324
SAWAIMADHOPUR,Rajasthan,Dec-21,3444.87,3400,4213.7,0.193108195,0.182459596
SEIKHPURA,Bihar,Dec-21,803.14,1015,644.45,0.574986423,0.246240981
SHEOHAR,Bihar,Dec-21,1105.96,1160,1216.5,0.046444718,0.090867242
SIKAR,Rajasthan,Dec-21,4808.08,3800,5700.95,0.333444426,0.156617757
SIROHI,Rajasthan,Dec-21,2369.37,2000,2438.45,0.179806845,0.028329472
SITAMARHI,Bihar,Dec-21,674.89,3260,1616.65,1.016515634,0.582537964
SIWAN,Bihar,Dec-21,4003.31,7035,6099.15,0.153439414,0.34362821
SRIGANGANAGAR,Rajasthan,Dec-21,3260.07,3700,3119.75,0.185992467,0.044977963
SUPAUL,Bihar,Dec-21,2191.64,2240,1413.25,0.584999116,0.550780117
TONK,Rajasthan,Dec-21,2107.79,2000,2756,0.274310595,0.235199565
UDAIPUR,Rajasthan,Dec-21,4246.49,4300,4370.65,0.016164644,0.028407674
VAISHALI,Bihar,Dec-21,4578.76,6635,5414.65,0.225379295,0.154375629
WEST CHAMPARAN,Bihar,Dec-21,3525.8,10655,7921.9,0.345005617,0.554930004
AJMER,Rajasthan,Jan-22,5350.48,4900,5184.45,0.054865993,0.032024612
ALWAR,Rajasthan,Jan-22,6959.13,7700,6567.8,0.172386492,0.059583118
ARARIA,Bihar,Jan-22,5313.12,4685,5411.65,0.134275129,0.018207016
ARWAL,Bihar,Jan-22,441.04,1135,612,0.854575163,0.279346405
AURANGABAD,Bihar,Jan-22,4510.21,10605,5864,0.808492497,0.230864598
BANKA,Bihar,Jan-22,2559.51,5705,4134,0.380019352,0.38086357
BANSWARA,Rajasthan,Jan-22,1822.71,1900,1852.35,0.02572408,0.016001296
BARAN,Rajasthan,Jan-22,1404,1600,1849,0.134667388,0.240670633
BARMER,Rajasthan,Jan-22,1552.42,1600,1590.15,0.006194384,0.023727321
BEGUSARAI,Bihar,Jan-22,849.83,1535,2007,0.235176881,0.576567015
BHAGALPUR,Bihar,Jan-22,3370.2,4985,4553.65,0.094726209,0.259890418
BHARATPUR,Rajasthan,Jan-22,5433.37,7000,6161.5,0.136086992,0.118174146
BHILWARA,Rajasthan,Jan-22,4872.23,5100,5731.55,0.110188343,0.14992803
BHOJPUR,Bihar,Jan-22,1891.5,3500,2586,0.353441609,0.268561485
BIKANER,Rajasthan,Jan-22,3705.51,3800,3939,0.035288144,0.059276466
BUNDI,Rajasthan,Jan-22,1964.2,1900,2223,0.145299145,0.116419253
BUXAR,Bihar,Jan-22,2533.49,4130,3467.2,0.191162898,0.269297993
CHITTORGARH,Rajasthan,Jan-22,1732.82,1800,1807.1,0.003928947,0.041104532
CHURU,Rajasthan,Jan-22,4170.84,4100,5251,0.219196344,0.20570558
DARBHANGA,Bihar,Jan-22,3406.5,7015,4422.55,0.586188963,0.229743022
DAUSA,Rajasthan,Jan-22,2342.11,3600,2182.35,0.649597911,0.073205489
DHOLPUR,Rajasthan,Jan-22,3081,3500,3158,0.10829639,0.024382521
DUNGARPUR,Rajasthan,Jan-22,1810.24,1900,1894.5,0.002903141,0.044476115
EAST CHAMPARAN,Bihar,Jan-22,11039.71,13235,14659.15,0.097150926,0.24690654
GAYA,Bihar,Jan-22,6656.58,10435,6740.4,0.548127708,0.012435464
GOPALGANJ,Bihar,Jan-22,4712.08,6030,7604.35,0.207032817,0.380344145
HANUMANGARH,Rajasthan,Jan-22,3928.53,3600,4574,0.21294272,0.141117184
JAIPUR,Rajasthan,Jan-22,21079.64,16900,15909,0.062291785,0.325013514
JAISALMER,Rajasthan,Jan-22,1428.21,1300,1314,0.01065449,0.086917808
JALORE,Rajasthan,Jan-22,1426.27,1700,1607,0.057871811,0.112464219
JAMUI,Bihar,Jan-22,1065.88,2215,1383.3,0.601243403,0.22946577
JEHANABAD,Bihar,Jan-22,752.54,1730,1162,0.488812392,0.352375215
JHALAWAR,Rajasthan,Jan-22,2146.68,1900,2196.5,0.13498748,0.022681539
JHUNJHUNU,Rajasthan,Jan-22,7580.81,5900,6705.4,0.120112148,0.130552987
JODHPUR,Rajasthan,Jan-22,4335.7,3200,4334.55,0.261745741,0.00026531
KAIMUR,Bihar,Jan-22,2538.26,7335,6004,0.221685543,0.577238508
KAROLI,Rajasthan,Jan-22,2451.07,3400,3396,0.001177856,0.278247939
KATIHAR,Bihar,Jan-22,1840.83,1395,2622.1,0.467983677,0.297955837
KHAGARIA,Bihar,Jan-22,1009.05,1965,1705.45,0.152188572,0.408337975
KISHANGANJ,Bihar,Jan-22,3612.16,3260,4520.95,0.278912618,0.201017485
KOTA,Rajasthan,Jan-22,2575.4,2600,2821,0.078341014,0.087061326
LAKHISARAI,Bihar,Jan-22,440.05,390,475.25,0.179379274,0.074066281
MADHEPURA,Bihar,Jan-22,1522.55,2810,3490.25,0.194900079,0.563770504
MADHUBANI,Bihar,Jan-22,1260.86,2870,2339,0.227020094,0.460940573
MUNGER,Bihar,Jan-22,354.75,980,1025,0.043902439,0.653902439
MUZAFFARPUR,Bihar,Jan-22,4103.09,7755,6766.7,0.146053468,0.393635007
NAGAUR,Rajasthan,Jan-22,1958.12,2000,2310,0.134199134,0.152329004
NALANDA,Bihar,Jan-22,2575.43,3300,1871,0.763762694,0.376499198
NAWADA,Bihar,Jan-22,879.56,985,802.1,0.228026431,0.0965715
PALI,Rajasthan,Jan-22,4359.32,4600,4156.35,0.106740289,0.048833712
PATNA,Bihar,Jan-22,13979.67,22610,20374.65,0.109712314,0.313869441
PRATAPGARH,Rajasthan,Jan-22,2279.92,2000,2078,0.037536092,0.097170356
PURNEA,Bihar,Jan-22,1682.91,3295,2767.1,0.190777348,0.391814535
RAJSAMAND,Rajasthan,Jan-22,1487.55,1500,1468.25,0.021624383,0.0131449
ROHTAS,Bihar,Jan-22,4003.15,8815,7364,0.197039652,0.456389191
SAHARSA,Bihar,Jan-22,1421.44,2095,2026,0.034057256,0.29840079
SAMASTIPUR,Bihar,Jan-22,2310.84,5135,3311.75,0.550539745,0.302229939
SARAN,Bihar,Jan-22,6634.13,7670,8558.3,0.103793978,0.224830866
SAWAIMADHOPUR,Rajasthan,Jan-22,4284.78,3500,4276.85,0.181640694,0.001854168
SEIKHPURA,Bihar,Jan-22,954.29,1145,1001.95,0.142771595,0.047567244
SHEOHAR,Bihar,Jan-22,984.76,1285,1086.35,0.182860036,0.093514981
SIKAR,Rajasthan,Jan-22,5327.85,4000,4383.5,0.087487168,0.215432873
SIROHI,Rajasthan,Jan-22,2477.49,2100,2069,0.014983084,0.197433543
SITAMARHI,Bihar,Jan-22,1411.98,3605,3066.45,0.175626539,0.539539207
SIWAN,Bihar,Jan-22,3644.33,7775,6059.95,0.283013886,0.398620451
SRIGANGANAGAR,Rajasthan,Jan-22,3501.54,3800,3116,0.219512195,0.12372914
SUPAUL,Bihar,Jan-22,1202.9,2475,2026.05,0.221588806,0.406283162
TONK,Rajasthan,Jan-22,2302.57,2100,2074.95,0.01207258,0.109699029
UDAIPUR,Rajasthan,Jan-22,4681.31,4500,4287.6,0.049538203,0.091825264
VAISHALI,Bihar,Jan-22,5139.55,7330,6020.4,0.217527075,0.146310876
WEST CHAMPARAN,Bihar,Jan-22,13258.88,11780,13781.3,0.145218521,0.03790789
AJMER,Rajasthan,Feb-22,5696.62,5000,5817.2,0.140479956,0.020728185
ALWAR,Rajasthan,Feb-22,7340.35,7700,8503.12,0.094450037,0.136746277
ARARIA,Bihar,Feb-22,4896.51,4685,4488.05,0.043883201,0.091010573
ARWAL,Bihar,Feb-22,529.72,1135,781,0.453265045,0.321741357
AURANGABAD,Bihar,Feb-22,5220.43,10605,7563,0.402221341,0.309740844
BANKA,Bihar,Feb-22,4365.98,5705,4963,0.149506347,0.120294177
BANSWARA,Rajasthan,Feb-22,1765.63,1900,1997.9,0.049001452,0.11625707
BARAN,Rajasthan,Feb-22,1457.15,1600,2159,0.258916165,0.325081056
BARMER,Rajasthan,Feb-22,1557.68,1700,1581.5,0.074928865,0.01506165
BEGUSARAI,Bihar,Feb-22,1918.17,1535,1575.35,0.025613356,0.217615133
BHAGALPUR,Bihar,Feb-22,4666.49,4985,3012.6,0.654716856,0.548990905
BHARATPUR,Rajasthan,Feb-22,7196.25,7000,6574.75,0.064679265,0.094528309
BHILWARA,Rajasthan,Feb-22,5586.01,5600,5715.6,0.020225348,0.022673035
BHOJPUR,Bihar,Feb-22,2292.91,3500,3440,0.01744186,0.333456395
BIKANER,Rajasthan,Feb-22,4605.61,3800,4668.25,0.185990468,0.013418305
BUNDI,Rajasthan,Feb-22,1966.2,1900,2590,0.266409266,0.240849421
BUXAR,Bihar,Feb-22,2772.19,4130,3170.55,0.302613111,0.125643816
CHITTORGARH,Rajasthan,Feb-22,1756.33,1800,1901,0.053129932,0.076102052
CHURU,Rajasthan,Feb-22,5139.64,4200,6067.4,0.307775983,0.152908989
DARBHANGA,Bihar,Feb-22,3807.93,7015,5406.7,0.297464257,0.295701629
DAUSA,Rajasthan,Feb-22,2450.23,3600,2489.6,0.446015424,0.015813785
DHOLPUR,Rajasthan,Feb-22,3307.01,3500,3430.75,0.020185091,0.036067915
DUNGARPUR,Rajasthan,Feb-22,1805.36,1900,1957.5,0.029374202,0.077721584
EAST CHAMPARAN,Bihar,Feb-22,14423.9,13235,11625.75,0.138421177,0.240685547
GAYA,Bihar,Feb-22,7001.63,10435,8115.5,0.285811102,0.137252172
GOPALGANJ,Bihar,Feb-22,4981.26,6030,6985,0.136721546,0.286863278
HANUMANGARH,Rajasthan,Feb-22,4298.55,3700,5098,0.274225186,0.156816399
JAIPUR,Rajasthan,Feb-22,17849.61,18200,19747.7,0.078373684,0.096117016
JAISALMER,Rajasthan,Feb-22,1419.14,1300,1502,0.13448735,0.055166445
JALORE,Rajasthan,Feb-22,1427.56,1700,1962,0.133537207,0.272395515
JAMUI,Bihar,Feb-22,1388.46,2215,1904.9,0.162790698,0.271111344
JEHANABAD,Bihar,Feb-22,1093.72,1730,911,0.899012075,0.200570801
JHALAWAR,Rajasthan,Feb-22,2003.53,2100,2571.5,0.183356018,0.220871087
JHUNJHUNU,Rajasthan,Feb-22,7693.58,6000,8713.5,0.311413324,0.117050554
JODHPUR,Rajasthan,Feb-22,4641.93,3600,4556.45,0.209911225,0.018760219
KAIMUR,Bihar,Feb-22,7043.08,7335,4494,0.632176235,0.567218514
KAROLI,Rajasthan,Feb-22,2719.95,3400,3146,0.080737444,0.135425938
KATIHAR,Bihar,Feb-22,2404.37,1395,2999.8,0.534968998,0.198489899
KHAGARIA,Bihar,Feb-22,1709.24,1965,2152,0.086895911,0.205743494
KISHANGANJ,Bihar,Feb-22,4782.88,3260,4090.7,0.203070379,0.169208204
KOTA,Rajasthan,Feb-22,2588.43,2700,3112.55,0.132544056,0.168389263
LAKHISARAI,Bihar,Feb-22,467.69,390,729.75,0.465570401,0.359109284
MADHEPURA,Bihar,Feb-22,2536.43,2810,3952.7,0.289093531,0.35830445
MADHUBANI,Bihar,Feb-22,1979.12,2870,3406.4,0.157468295,0.41899953
MUNGER,Bihar,Feb-22,806.43,980,915,0.071038251,0.118655738
MUZAFFARPUR,Bihar,Feb-22,5430.38,7755,5970.85,0.298810052,0.0905181
NAGAUR,Rajasthan,Feb-22,1899.92,2000,2548,0.215070644,0.254348509
NALANDA,Bihar,Feb-22,2616.8,3300,2245.45,0.469638603,0.165378877
NAWADA,Bihar,Feb-22,818.07,985,1402.7,0.297782847,0.41678905
PALI,Rajasthan,Feb-22,4318.13,4800,4845.5,0.009390156,0.108837065
PATNA,Bihar,Feb-22,18283.64,22610,21639.85,0.044831642,0.155093959
PRATAPGARH,Rajasthan,Feb-22,2005.08,2000,2390,0.163179916,0.161054393
PURNEA,Bihar,Feb-22,2216.45,3295,3097.45,0.063778269,0.284427513
RAJSAMAND,Rajasthan,Feb-22,1488.83,1500,1592.5,0.058084772,0.065098901
ROHTAS,Bihar,Feb-22,5274.3,8815,7769.5,0.134564644,0.321153227
SAHARSA,Bihar,Feb-22,1803.58,2095,2327.35,0.099834576,0.22504995
SAMASTIPUR,Bihar,Feb-22,3581.81,5135,4598.8,0.116595634,0.221142472
SARAN,Bihar,Feb-22,7239.41,7670,8773.65,0.125791432,0.174869068
SAWAIMADHOPUR,Rajasthan,Feb-22,4149.91,3500,5028,0.30389817,0.174640016
SEIKHPURA,Bihar,Feb-22,1172.16,1145,724.5,0.580400276,0.617888199
SHEOHAR,Bihar,Feb-22,900.64,1285,934.5,0.375066881,0.03623328
SIKAR,Rajasthan,Feb-22,4993.37,4000,5172.1,0.226619748,0.034556563
SIROHI,Rajasthan,Feb-22,2181.84,2200,1707.25,0.288622053,0.277985064
SITAMARHI,Bihar,Feb-22,3597.55,3605,3175.25,0.135343674,0.132997402
SIWAN,Bihar,Feb-22,5697.13,7775,6499.65,0.196218258,0.123471264
SRIGANGANAGAR,Rajasthan,Feb-22,3221.25,3800,4010,0.052369077,0.196695761
SUPAUL,Bihar,Feb-22,3936.17,2475,1765.8,0.401630989,1.229114282
TONK,Rajasthan,Feb-22,1866.29,2100,2607,0.19447641,0.284123514
UDAIPUR,Rajasthan,Feb-22,4123.6,4700,4297.6,0.093633656,0.040487714
VAISHALI,Bihar,Feb-22,5616.81,7330,6732.7,0.088716265,0.165741827
WEST CHAMPARAN,Bihar,Feb-22,9764.76,11780,9402.5,0.252858282,0.038528051
